{"cameraMode":{"drawMode":0,"name":"Shaded","section":"Shading Mode"},"sceneLighting":false,"audioPlay":false,"sceneViewState":{"showFog":true,"showMaterialUpdate":true,"showSkybox":true,"showFlares":true,"showImageEffects":true,"showParticleSystems":true},"in2DMode":false,"pivot":{"x":-1.8369741439819337,"y":1.2659714221954346,"z":-1.3175774812698365},"rotation":{"x":-0.03814239427447319,"y":0.7728855013847351,"z":-0.04666907340288162,"w":-0.6316757202148438},"size":4.4950032234191898,"orthographic":false}