{"cameraMode":{"drawMode":0,"name":"Shaded","section":"Shading Mode"},"sceneLighting":false,"audioPlay":false,"sceneViewState":{"showFog":true,"showMaterialUpdate":true,"showSkybox":true,"showFlares":true,"showImageEffects":true,"showParticleSystems":true},"in2DMode":false,"pivot":{"x":-1.5032541751861573,"y":1.364307165145874,"z":0.0705406665802002},"rotation":{"x":-0.03821822255849838,"y":0.8056254386901856,"z":-0.05228554829955101,"w":-0.5888736844062805},"size":2.0398809909820558,"orthographic":false}